Capability ID,Domain,Capability,Priority,Status,Target Release,Spec,Owner,Notes
CORE-001,CORE,Tenant management,P0,Implemented (Sprint 001),R0,,,"Tenant lifecycle, suspension, provisioning API"
CORE-002,CORE,Organization hierarchy,P0,Implemented (Sprint 001),R0,,,LegalEntity/BusinessUnit/Branch/Factory tree + API
CORE-003,CORE,White-label branding,P0,DONE,R0,,,Versioned tenant configuration with sanitized branding (name/accent colors) applied across the web app; Settings UI + history (Sprint 035)
CORE-004,CORE,Terminology dictionary,P0,DONE,R0,,,"Per-locale tenant vocabulary: governed writes, open read for signed-in users, applied to navigation; Settings editor (Sprint 036)"
CORE-005,CORE,Localization,P0,DONE,R0,,,UI language layer EN/BS with remembered preference (Sprint 023)
CORE-006,CORE,Feature flags & licensing,P0,DONE,R0,,,Module activations enforced server-side (guard cuts API surface per tenant) and in navigation; Settings toggles (Sprint 037)
CORE-007,CORE,Configuration versioning,P0,DONE,R0,,,Versioned tenant configuration with sanitized branding (name/accent colors) applied across the web app; Settings UI + history (Sprint 035)
CORE-008,CORE,Global numbering,P0,DONE,R0,,,Number sequences: atomic per-tenant draws (Sprint 016)
CORE-009,CORE,Attachments,P0,DONE,R0,,,"Attachments behind storage port, DB adapter (Sprint 016)"
CORE-010,CORE,Comments/mentions,P0,DONE,R0,,,Comments with mention notifications (Sprint 016)
CORE-011,CORE,Global search,P0,DONE,R0,,,Global search across record families (Sprint 016)
CORE-012,CORE,Unified inbox,P0,Partially implemented (Sprint 002),R0,,,Unified inbox: tasks+approvals+notifications
CORE-013,CORE,Notifications,P0,Partially implemented (Sprint 002),R0,,,Notification storage/read (channels later)
CORE-014,CORE,Task engine,P0,Implemented (Sprint 002),R0,,,Task engine (create/complete/list) + audit
CORE-015,CORE,Custom fields,P0,Partially implemented (Sprint 002),R0,,,Custom field definitions (dynamic forms later)
CORE-016,CORE,Custom objects,P0,Implemented (Sprint 111),R0,,,
CORE-017,CORE,Form builder,P0,Implemented (Sprint 111),R0,,,
CORE-018,CORE,Reference data,P0,DONE,R0,,,"Effective-dated exchange rates: immutable rows, as-of resolution with inverse fallback, converter; Finance UI (Sprint 047)"
CORE-019,CORE,Import/export framework,P0,DONE,R0,,,"CSV import (products/SKUs/customers/suppliers/opening stock) via owning domains, idempotent re-runs, per-row report, CSV exports (Sprint 033)"
CORE-020,CORE,Audit ledger,P0,Implemented (Sprint 001),R0,,,Immutable audit ledger + writer
IAM-001,IAM,User lifecycle,P0,Implemented (Sprint 001),R0,,,Invite/suspend/idp-linkage lifecycle
IAM-002,IAM,RBAC,P0,Implemented (Sprint 001),R0,,,"Roles, role permissions, tenant-admin bootstrap"
IAM-003,IAM,Scoped permissions,P0,Implemented (Sprint 001),R0,,,"Org-scoped role assignments, default-deny evaluation"
IAM-004,IAM,Field-level permissions,P0,Implemented (Sprint 113),R0,,,
IAM-005,IAM,Record-level access,P0,Implemented (Sprint 114),R0,,,
IAM-006,IAM,MFA,P0,DONE,R0,,,"TOTP 2FA: self-service enroll/confirm-to-arm/disable (password-verified), MFA-gated login with ±1 step drift, security events + audit; Users/login UI (Sprint 044)"
IAM-007,IAM,SSO/OIDC/SAML,P0,Implemented (Sprint 120),R0,,,"OIDC RS256/JWKS adapter behind IdentityPort; SAML via IdP bridge"
IAM-008,IAM,Session management,P0,DONE,R0,,,"Local password auth: scrypt hashes, admin set/reset, self-service change, 5-attempt lockout, security events, public login issuing bearer tokens (Sprint 034)"
IAM-009,IAM,Service accounts,P0,DONE,R0,,,API-key service accounts with explicit allowlists (Sprint 021)
IAM-010,IAM,Approval authority matrix,P0,DONE,R0,,,"Requisition approval threshold from versioned tenant configuration (safe fallback to default, per-tenant, effective value in approval title); Settings editor (Sprint 038)"
IAM-011,IAM,Segregation of duties,P0,DONE,R0,,,"Sprint 074: config-driven SoD rules enforced on role assignment (tenant-admin exempt by design), live violation report."
IAM-012,IAM,Step-up authentication,P0,DONE,R0,,,"Fresh-password elevation (Redis TTL 5 min) demanded by @RequireStepUp routes (tenant export), STEP_UP_REQUIRED contract, security events; UI prompt-and-retry (Sprint 050)"
IAM-013,IAM,Security event logging,P0,DONE,R0,,,"Security event log: key lifecycle, denials (Sprint 021)"
IAM-014,IAM,Break-glass access,P0,DONE,R0,,,"Sprint 056: time-boxed break-glass grants (no self-grant, mandatory reason), guard bypass with per-use audit + security log, revocation."
MDM-001,MDM,Party master,P0,Implemented (Sprint 003),R1,,,"Canonical Party CRUD, search, redirects"
MDM-002,MDM,Product master governance,P0,Partially implemented (Sprint 057),R1,,,Governed product name/description updates via approval flow; full governance policy pending.
MDM-003,MDM,Location master,P0,Implemented (Sprint 121),R1,,,
MDM-004,MDM,UOM master,P0,Implemented (Sprint 090),R1,,,
MDM-005,MDM,Duplicate detection/merge,P0,Partially implemented (Sprint 003),R1,,,Duplicate detection by normalized name + merge
MDM-006,MDM,Master data approvals,P0,DONE,R1,,,"Sprint 057: governed change requests (party/product field allowlists), SoD on decisions, applied via owning domain, audited."
MDM-007,MDM,Data quality rules,P0,DONE,R1,,,"Live computed data-quality report (missing e-mails, duplicate names, unassigned territories, SKUs without barcodes, empty products, suppliers without lead time) with samples; Parties UI (Sprint 043)"
MDM-008,MDM,Golden record policy,P0,DONE,R1,,,"Merge redirects to the surviving canonical party (mergedIntoId chain), getParty always resolves to the golden record, external identities move to the winner; audited (delivered with party merge, verified Sprint 051)"
MDM-009,MDM,External ID mapping,P0,DONE,R1,,,"PartyExternalIdentity mapping + /parties/resolve/:sourceSystem/:externalId lookup (delivered with MDM base, verified Sprint 051)"
MDM-010,MDM,Effective dating,P0,DONE,R1,,,"Effective-dating pattern established on exchange rates (immutable validFrom rows, reproducible as-of lookups) alongside versioned tenant configuration (Sprint 047)"
CRM-001,CRM,Leads,P1,Implemented (Sprint 006),R1,,,"Leads with qualify/disqualify/convert (guarded, exactly-once)"
CRM-002,CRM,Accounts & contacts,P1,Implemented (Sprint 006),R1,,,Accounts as commercial profile over MDM party
CRM-003,CRM,Opportunities,P1,Implemented (Sprint 006),R1,,,Opportunity stage machine NEW->QUALIFIED->PROPOSAL->WON/LOST
CRM-004,CRM,Activities,P1,Implemented (Sprint 006),R1,,,Activity log on accounts/opportunities
CRM-005,CRM,Customer 360,P1,DONE,R1,,,Customer 360 read model (Sprint 017)
CRM-006,CRM,Territories,P1,DONE,R1,,,"Territory master (code/name/owner), audited account assignment with per-territory counts; Sales UI (Sprint 042)"
CRM-007,CRM,Sales teams,P1,DONE,R1,,,"Team master (uppercased unique codes), audited membership from tenant users, territory coverage counts; Sales UI (Sprint 046)"
CRM-008,CRM,Credit profile,P1,DONE,R1,,,Credit profile with server-side enforcement on order confirm (Sprint 017)
CRM-009,CRM,Segmentation,P1,DONE,R1,,,"Segmentation tags, validated and audited (Sprint 017)"
CRM-010,CRM,Interaction timeline,P1,Implemented (Sprint 006),R1,,,"Interaction timeline (activities, newest first)"
CRM-011,CRM,Consent/preferences,P1,DONE,R1,,,"Append-only consent records per party and channel (EMAIL/PHONE/SMS/POST), latest-wins state, full trail with recorder; Parties UI (Sprint 048, MDM-owned)"
CRM-012,CRM,Customer onboarding,P1,DONE,R1,,,Sprint 066: onboarding checklist from versioned config through the CORE task engine; idempotent start; live progress.
PIM-001,PIM,Products/SKUs,P1,Implemented (Sprint 003),R1,,,Products/SKUs with lifecycle + events
PIM-002,PIM,Variants,P1,DONE,R1,,,Variant axes + combination generator (Sprint 025)
PIM-003,PIM,Attributes,P1,DONE,R1,,,Typed attributes validated by custom-field defs (Sprint 025)
PIM-004,PIM,Categories,P1,DONE,R1,,,Category tree with product counts (Sprint 025)
PIM-005,PIM,Barcode/GTIN,P1,Partially implemented (Sprint 003),R1,,,Tenant-scoped barcode uniqueness + scan lookup
PIM-006,PIM,Packaging hierarchy,P1,DONE,R1,,,"Pack levels per SKU with base-unit multiplier and scannable pack barcodes (shared namespace with unit barcodes, pack-aware lookup); catalog UI (Sprint 041)"
PIM-007,PIM,Units of measure,P1,Partially implemented (Sprint 003),R1,,,Base UOM + per-SKU conversion factors
PIM-008,PIM,Media,P1,DONE,R1,,,"Product photos via the collab attachment interface (product entity type, 5MB domain cap, 8MB transport limit); Media card with inline gallery + upload (Sprint 045)"
PIM-009,PIM,Channel content,P1,Implemented (Sprint 139),R1,,,Per-channel SKU copy + readiness report + UI
PIM-010,PIM,Lot policy,P1,DONE,R1,,,"Lot policy per SKU, audited (Sprint 022)"
PIM-011,PIM,Serial policy,P1,DONE,R1,,,"Sprint 055: per-SKU serial policy, registry with enforced lifecycle, idempotent registration, audited."
PIM-012,PIM,Expiry policy,P1,DONE,R1,,,Shelf-life expiry policy driving lot expiry (Sprint 022)
PIM-013,PIM,Dimensions/weight,P1,DONE,R1,,,"Governed weight/dimensions per SKU; honest order logistics summary (kg + m3, missing-data count); catalog + orders UI (Sprint 049)"
PIM-014,PIM,Substitutions,P1,DONE,R1,,,Directed SKU substitutions with priority; live-availability alternatives via WMS on backordered order lines; catalog management UI (Sprint 040)
PIM-015,PIM,Bundles/kits,P1,DONE,R1,,,"Sprint 054: single-level bundle composition, live buildable qty from the stock ledger, nesting guards, audited."
PIM-016,PIM,Lifecycle status,P1,DONE,R1,,,"Full lifecycle: product DRAFT→PUBLISHED→ARCHIVED (archive demands discontinued SKUs, archived refuse new SKUs/re-publish), SKU DRAFT→ACTIVE→DISCONTINUED; audited (Sprint 051)"
CPQ-001,CPQ,Price lists,P1,Implemented (Sprint 006),R1,,,"Versionable price lists, DRAFT->ACTIVE publish"
CPQ-002,CPQ,Quantity breaks,P1,Implemented (Sprint 006),R1,,,Quantity breaks via minQty entries
CPQ-003,CPQ,Discount rules,P1,DONE,R1,,,"Rule-based automatic discounts: account/SKU scoping, qty floor, validity window, specificity-then-percentage resolution on quote lines, explicit override; Quotes UI (Sprint 039)"
CPQ-004,CPQ,Margin floors,P1,Implemented (Sprint 006),R1,,,Margin floor: discounts >20% require approval
CPQ-005,CPQ,Discount approvals,P1,Implemented (Sprint 006),R1,,,Approvals through WF service (SoD enforced)
CPQ-006,CPQ,Promotions,P1,DONE,R1,,,"Sprint 053: promotions with % discount, validity window, min total, redemption budget; audited."
CPQ-007,CPQ,Product configurator,P1,Implemented (Sprint 143),R1,,,Config-driven models/options/constraints + priced configure
CPQ-008,CPQ,Compatibility rules,P1,Implemented (Sprint 096),R1,,,
CPQ-009,CPQ,Formula pricing,P1,Implemented (Sprint 097),R1,,,
CPQ-010,CPQ,Cost-aware pricing,P1,Implemented (Sprint 092),R1,,,
CPQ-011,CPQ,Quote generation,P1,Implemented (Sprint 006),R1,,,Quote lifecycle DRAFT->...->ACCEPTED with totals
CPQ-012,CPQ,Quote versioning,P1,Implemented (Sprint 006),R1,,,New version supersedes SENT/REJECTED/EXPIRED
CPQ-013,CPQ,Promise-date calculation,P1,DONE,R1,,,Sprint 058: per-line promise dates from live availability + planning lead times; order promise = latest line.
CPQ-014,CPQ,Contract pricing,P1,DONE,R1,,,Sprint 061: contract lists with validity windows feed quote prices; auto-selected on quote creation.
COM-001,COM,B2C channel integration,P1,Implemented (Sprint 116),R1,,,
COM-002,COM,B2B commerce portal,P1,Implemented (Sprint 095),R1,,,
COM-003,COM,POS,P1,Implemented (Sprint 159),R1,,,Register sessions + pos-channel sales + cash reconciliation
COM-004,COM,Sales-rep ordering,P1,DONE,R1,,,Sprint 079: quick order by SKU-code lines with honest unknown-code reporting; Orders page sales-rep card.
COM-005,COM,Marketplace adapters,P1,Implemented (Sprint 117),R1,,,
COM-006,COM,Unified cart/order,P1,Implemented (Sprint 141),R1,,,Channel attribution on all order intakes + channel-mix report
COM-007,COM,Click & collect,P1,Implemented (Sprint 106),R1,,,
COM-008,COM,Ship from store,P1,Implemented (Sprint 126),R1,,,
COM-009,COM,Endless aisle,P1,Implemented (Sprint 125),R1,,,
COM-010,COM,Channel availability,P1,DONE,R1,,,"Sprint 068: sellable-quantity feed (ledger minus reservations, non-negative), scoped or full, API-key friendly."
COM-011,COM,Returns/exchanges,P1,DONE,R1,,,Returns/exchanges via governed RMA flow (Sprint 028)
COM-012,COM,Vouchers,P1,DONE,R1,,,Sprint 053: voucher codes redeemed on DRAFT orders; idempotent per order; totals honour the discount.
COM-013,COM,Loyalty,P1,DONE,R1,,,"Sprint 062: loyalty ledger — idempotent accrual on fulfillment (1 pt/10), audited manual adjustments, non-negative balance."
COM-014,COM,Abandoned-order hooks,P1,Implemented (Sprint 094),R1,,,
OMS-001,OMS,Order capture,P1,DONE,R1,,,
OMS-002,OMS,Validation,P1,DONE,R1,,,
OMS-003,OMS,Allocation,P1,Implemented (Sprint 093),R1,,,
OMS-004,OMS,Reservation,P1,DONE,R1,,,
OMS-005,OMS,Split fulfillment,P1,Implemented (Sprint 104),R1,,,
OMS-006,OMS,Backorders,P1,DONE,R1,,,"Backorders: confirm with allowBackorder, release on arrival (Sprint 018)"
OMS-007,OMS,Substitution,P1,DONE,R1,,,Sprint 059: line substitution to configured substitutes; backordered confirmed lines reserve the substitute and clear the backorder.
OMS-008,OMS,Holds,P1,DONE,R1,,,
OMS-009,OMS,Order amendments,P1,DONE,R1,,,Order amendments with reservation swap and credit gate (Sprint 018)
OMS-010,OMS,Cancellation,P1,DONE,R1,,,
OMS-011,OMS,Fulfillment orchestration,P1,DONE,R1,,,
OMS-012,OMS,Returns orchestration,P1,DONE,R1,,,RMA lifecycle with idempotent stock re-entry (Sprint 028)
OMS-013,OMS,Status timeline,P1,DONE,R1,,,
OMS-014,OMS,SLA/promise monitoring,P1,DONE,R1,,,Sprint 069: overdue unfulfilled orders report with configurable days; surfaced on Operations.
B2B-001,B2B,Company accounts,P1,DONE,R3,,,
B2B-002,B2B,Customer roles,P1,DONE,R3,,,
B2B-003,B2B,Entitled catalog,P1,DONE,R3,,,"Sprint 080: entitled portal catalog — exactly the contract-priced SKUs, honest no-contract fallback."
B2B-004,B2B,Customer prices,P1,DONE,R3,,,Sprint 061: customer-bound contract price lists resolve per account and are refused for other accounts.
B2B-005,B2B,Self-service quotes,P1,DONE,R3,,,
B2B-006,B2B,Self-service orders,P1,DONE,R3,,,
B2B-007,B2B,Customer-side approvals,P1,Implemented (Sprint 122),R3,,,
B2B-008,B2B,Repeat order,P1,DONE,R3,,,"Sprint 059: repeat order — fresh DRAFT copying account/warehouse/currency/lines, event-tracked."
B2B-009,B2B,Project/site ordering,P1,Implemented (Sprint 106),R3,,,
B2B-010,B2B,Production tracking,P1,DONE,R3,,,
B2B-011,B2B,Invoices/documents,P1,DONE,R3,,,
B2B-012,B2B,Credit visibility,P1,DONE,R3,,,
B2B-013,B2B,Claims/service,P1,Implemented (Sprint 099),R3,,,
B2B-014,B2B,API/EDI customer integration,P1,Implemented (Sprint 142),R3,,,Account-bound API keys + /b2b/my endpoints
PROC-001,PROC,Supplier master,P1,DONE,R1,,,
PROC-002,PROC,Purchase requisition,P1,DONE,R1,,,
PROC-003,PROC,Approval workflow,P1,DONE,R1,,,
PROC-004,PROC,RFQ,P1,Implemented (Sprint 088),R1,,,
PROC-005,PROC,Purchase orders,P1,DONE,R1,,,
PROC-006,PROC,Framework orders,P1,Implemented (Sprint 112),R1,,,
PROC-007,PROC,Lead times,P1,DONE,R1,,,Sprint 063: PO expected dates default from supplier lead time; on-time delivery report per supplier.
PROC-008,PROC,Supplier portal,P1,Implemented (Sprint 144),R1,,,Supplier-bound keys + open POs + acknowledgement
PROC-009,PROC,Inbound shipment,P1,DONE,R1,,,
PROC-010,PROC,Container/import tracking,P1,Implemented (Sprint 148),R1,,,ISO containers + audited lifecycle + in-transit desk
PROC-011,PROC,Landed cost,P1,Implemented (Sprint 105),R1,,,
PROC-012,PROC,Supplier performance,P1,DONE,R1,,,"Supplier performance: fill rate, spend, receipt time (Sprint 029)"
PROC-013,PROC,Purchase price history,P1,DONE,R1,,,
PROC-014,PROC,Three-way-match hooks,P1,Implemented (Sprint 091),R1,,,
PROC-015,PROC,Purchase suggestions,P1,DONE,R1,,,MRP purchase suggestions -> draft requisitions (Sprint 029)
WMS-001,WMS,Warehouse topology,P1,Implemented (Sprint 004),R1,,,Warehouse + location topology
WMS-002,WMS,Stock ledger,P1,Implemented (Sprint 004),R1,,,"Immutable movement ledger, idempotent posting"
WMS-003,WMS,Stock projections,P1,Implemented (Sprint 004),R1,,,On-hand/reserved/available derived from ledger
WMS-004,WMS,Receiving,P1,Implemented (Sprint 005),R1,,,Receiving orders post RECEIPT movements
WMS-005,WMS,Receiving discrepancies,P1,DONE,R1,,,Sprint 065: live receiving-discrepancy report — over/under receipts per PO line.
WMS-006,WMS,Inbound QC hold,P1,DONE,R1,,,Sprint 082: inbound QC hold via quarantine holds; availability subtracts active holds everywhere.
WMS-007,WMS,Putaway,P1,Implemented (Sprint 101),R1,,,
WMS-008,WMS,Replenishment,P1,DONE,R1,,,Sprint 060: live replenishment report — availability vs reorder point with suggested quantities (ledger + reservations).
WMS-009,WMS,Reservations,P1,Implemented (Sprint 004),R1,,,Atomic reservations under stock lock; no-oversell proven by concurrency test
WMS-010,WMS,Picking,P1,Implemented (Sprint 005),R1,,,"Pick orders post ISSUE, oversell-guarded"
WMS-011,WMS,Packing,P1,Implemented (Sprint 103),R1,,,
WMS-012,WMS,Shipping staging,P1,Implemented (Sprint 103),R1,,,
WMS-013,WMS,Transfers,P1,Implemented (Sprint 005),R1,,,"Transfer orders post OUT+IN, retriable"
WMS-014,WMS,Cycle counting,P1,Implemented (Sprint 005),R1,,,Cycle count adjusts ledger to counted qty
WMS-015,WMS,Full inventory,P1,DONE,R1,,,Stock counts with snapshot/variance and idempotent posting (Sprint 030)
WMS-016,WMS,Adjustment governance,P1,DONE,R1,,,Adjustment governance: approve permission + SoD on posting (Sprint 030)
WMS-017,WMS,Lot control,P1,DONE,R1,,,Lot dimension on ledger with per-lot balances (Sprint 022)
WMS-018,WMS,Serial control,P1,Partially implemented (Sprint 055),R1,,,Serial registry + lifecycle shipped in Sprint 055; movement-level enforcement pending.
WMS-019,WMS,Expiry/FEFO,P1,DONE,R1,,,"FEFO auto-pick, expired lots blocked except write-off (Sprint 022)"
WMS-020,WMS,Pallet/SSCC handling,P1,Implemented (Sprint 140),R1,,,GS1 SSCC-18 assignment per package
WMS-021,WMS,Cross-docking,P1,Implemented (Sprint 109),R1,,,
WMS-022,WMS,Kitting,P1,DONE,R1,,,Sprint 084: kitting — assembly consumes components and receives bundles as idempotent ledger movements; Catalog Assemble button.
WMS-023,WMS,Returns receiving,P1,DONE,R1,,,Verified shipped earlier: approved returns receive via idempotent RECEIPT ledger movements (returns.service receiveReturn).
WMS-024,WMS,Warehouse labor tasks,P1,Implemented (Sprint 108),R1,,,
WMS-025,WMS,Offline mobile execution,P1,Implemented (Sprint 166),R1,,,Offline scan queue drains into WMS lines exactly once
ENG-001,ENG,Product revisions,P2,DONE,R2,,,
ENG-002,ENG,Engineering BOM,P2,DONE,R2,,,
ENG-003,ENG,Manufacturing BOM,P2,DONE,R2,,,
ENG-004,ENG,Parametric BOM,P2,DONE,R2,,,Sprint 209: parametric BOM — line qty = base + factor x parameter from eng.parametric config rules.
ENG-005,ENG,BOM alternatives,P2,DONE,R2,,,Sprint 209: BOM component alternates from config, validated against the SKU catalogue.
ENG-006,ENG,Effective dates,P2,DONE,R2,,,
ENG-007,ENG,Engineering change request,P2,DONE,R2,,,
ENG-008,ENG,Engineering change order,P2,Implemented (Sprint 010),R2,,,Verified in Sprint 087 reconciliation: ECO request/decide with BOM linkage already shipped (engineering.service).
ENG-009,ENG,Technical drawings,P2,DONE,R2,,,Sprint 209: technical drawing register per SKU — latest revision wins, audited.
ENG-010,ENG,CAD/PDM hooks,P2,DONE,R2,,,Sprint 209: CAD/PDM hooks — released BOMs exported through connectors exactly once.
ENG-011,ENG,Routing,P2,DONE,R2,,,
ENG-012,ENG,Work instructions,P2,DONE,R2,,,Sprint 209: work instructions per routing operation, merged into the operator sheet.
ENG-013,ENG,Standard times,P2,DONE,R2,,,
ENG-014,ENG,Tooling requirements,P2,DONE,R2,,,Sprint 209: tooling requirements per routing operation, on the operator sheet.
ENG-015,ENG,Compliance specifications,P2,DONE,R2,,,Sprint 209: compliance specifications per SKU with a required-vs-declared gap report.
PLAN-001,PLAN,Demand planning,P2,DONE,R2,,,Sprint 208: demand planning — forecast entries per SKU and period, published as versions.
PLAN-002,PLAN,Forecast versions,P2,DONE,R2,,,Sprint 208: forecast versions are immutable audited publications; history listable.
PLAN-003,PLAN,S&OP,P2,DONE,R2,,,Sprint 208: S&OP — demand vs on-hand + open production per SKU with the gap to close.
PLAN-004,PLAN,Safety stock,P2,DONE,R2,,,
PLAN-005,PLAN,Reorder policies,P2,DONE,R2,,,
PLAN-006,PLAN,MRP explosion,P2,DONE,R2,,,
PLAN-007,PLAN,Net requirements,P2,DONE,R2,,,
PLAN-008,PLAN,Planned orders,P2,DONE,R2,,,
PLAN-009,PLAN,Lead-time planning,P2,DONE,R2,,,
PLAN-010,PLAN,Capacity requirements,P2,DONE,R2,,,Sprint 208: capacity requirements — routing minutes of open operations vs plan.capacity per work center.
PLAN-011,PLAN,Finite scheduling,P2,DONE,R2,,,Sprint 208: finite scheduling — operations packed into capacity days per work center.
PLAN-012,PLAN,Sequence optimization,P2,DONE,R2,,,Sprint 208: sequence optimization — configurable FIFO/SPT rule per tenant.
PLAN-013,PLAN,Constraint management,P2,DONE,R2,,,Sprint 208: constraint management — bottleneck and overloaded centers with suggestions.
PLAN-014,PLAN,What-if scenarios,P2,DONE,R2,,,Sprint 208: what-if scenarios — extra capacity or demand factor simulated read-only.
PLAN-015,PLAN,Promise-date engine,P2,Partially implemented (Sprint 058),R2,,,Order promise-date endpoint from availability + lead times; full engine (capacity-aware) pending.
MES-001,MES,Work orders,P1,DONE,R2,,,
MES-002,MES,Operations,P1,DONE,R2,,,
MES-003,MES,Work centers,P1,DONE,R2,,,Work-center master data (Sprint 031)
MES-004,MES,Machine assignment,P1,Implemented (Sprint 098),R2,,,
MES-005,MES,Operator assignment,P1,Implemented (Sprint 146),R2,,,Operator per operation + my-operations queue
MES-006,MES,Material issue,P1,DONE,R2,,,
MES-007,MES,Backflush,P1,Implemented (Sprint 089),R2,,,
MES-008,MES,WIP tracking,P1,DONE,R2,,,
MES-009,MES,Start/pause/complete,P1,DONE,R2,,,
MES-010,MES,Good quantity,P1,DONE,R2,,,
MES-011,MES,Scrap,P1,DONE,R2,,,
MES-012,MES,Rework,P1,DONE,R2,,,Sprint 085: completed scrap spawns exactly one PLANNED rework order for the scrapped quantity; Production page button.
MES-013,MES,Co/by-products,P1,Implemented (Sprint 138),R2,,,
MES-014,MES,Downtime,P1,DONE,R2,,,Downtime logging by category (Sprint 031)
MES-015,MES,Setup/changeover,P1,Implemented (Sprint 130),R2,,,
MES-016,MES,Digital work instructions,P1,Implemented (Sprint 130),R2,,,
MES-017,MES,Production labels,P1,DONE,R2,,,"Sprint 086: printable A6 work-order label PDF (WO number, SKU, qty, barcode value); Production page Label button."
MES-018,MES,Shop-floor kiosk,P1,DONE,R2,,,Shop-floor kiosk: large-type execution screen (Sprint 024)
MES-019,MES,Mobile production,P1,Implemented (Sprint 167),R2,,,Offline confirmations drain into operations exactly once
MES-020,MES,Genealogy,P1,Implemented (Sprint 134),R2,,,
MES-021,MES,OEE inputs,P1,DONE,R2,,,Measured OEE inputs per work center (Sprint 031)
MES-022,MES,Andon/alerts,P1,Implemented (Sprint 129),R2,,,
MES-023,MES,Shift production,P1,DONE,R2,,,Sprint 081: production-by-day report (good/scrap/WO count) from completed work orders; Production page card.
MES-024,MES,Production confirmations,P1,Implemented (Sprint 147),R2,,,Idempotent per-operation quantity confirmations
MES-025,MES,Machine hooks,P1,Implemented (Sprint 155),R2,,,Idempotent machine events + auto downtime + counters
VER-001,VER,Barcode events,P1,Implemented (Sprint 005),R1/R2,,,Barcode events resolved to SKUs via PIM contract
VER-002,VER,QR workflow IDs,P1,Implemented (Sprint 005),R1/R2,,,QR events with correlation ids
VER-003,VER,RFID support,P1,Implemented (Sprint 168),R1/R2,,,Tag registry resolves to active SKUs
VER-004,VER,NFC verification,P1,Implemented (Sprint 168),R1/R2,,,Badge registry resolves to active workers
VER-005,VER,Worker check,P1,Implemented (Sprint 128),R1/R2,,,
VER-006,VER,Work-order check,P1,Implemented (Sprint 128),R1/R2,,,
VER-007,VER,Material check,P1,DONE,R1/R2,,,Sprint 077: scan-first material check — barcode vs expected SKU with audited trail.
VER-008,VER,Machine check,P1,Implemented (Sprint 149),R1/R2,,,Registry/activity/routing scan check
VER-009,VER,Tool check,P1,Implemented (Sprint 149),R1/R2,,,Config tool registry + calibration + operation approval
VER-010,VER,Location check,P1,Implemented (Sprint 128),R1/R2,,,
VER-011,VER,Quantity check,P1,DONE,R1/R2,,,Sprint 077: expected-vs-counted quantity comparison in the material check.
VER-012,VER,Sequence check,P1,Implemented (Sprint 128),R1/R2,,,
VER-013,VER,QC checkpoint,P1,DONE,R1/R2,,,
VER-014,VER,Supervisor approval,P1,DONE,R1/R2,,,
VER-015,VER,Photo evidence,P1,Implemented (Sprint 156),R1/R2,,,Evidence attachments linked to scan events
VER-016,VER,Digital signature,P1,Implemented (Sprint 156),R1/R2,,,PIN-hashed countersignatures + verification
VER-017,VER,Offline queue,P1,Implemented (Sprint 005),R1/R2,,,Offline envelope upload
VER-018,VER,Idempotent replay,P1,Implemented (Sprint 005),R1/R2,,,"Exactly-once replay per (device, clientEventId)"
VER-019,VER,Device capability detection,P1,Implemented (Sprint 005),R1/R2,,,Capabilities reported at enrollment
VER-020,VER,Event correlation,P1,Implemented (Sprint 005),R1/R2,,,correlationId on events
QMS-001,QMS,Inspection plans,P2,DONE,R2,,,Sprint 076/201: inspection plans per SKU (qms.plans config) drive incoming queue and results.
QMS-002,QMS,Incoming inspection,P2,DONE,R2,,,Sprint 076: incoming inspection queue — PO receipts of QC-planned SKUs surface live for inspectors.
QMS-003,QMS,In-process inspection,P2,DONE,R2,,,Sprint 076: in-process inspections recorded against work orders via /api/v1/qc/inspections.
QMS-004,QMS,Final inspection,P2,DONE,R2,,,Sprint 076: final inspection results with pass/fail and quantities before shipment.
QMS-005,QMS,Disposition,P2,Partially implemented (Sprint 082),R2,,,Disposition = release/scrap decisions on quarantine holds; richer dispositions pending.
QMS-006,QMS,Quarantine,P2,DONE,R2,,,"Sprint 082: quarantine holds — block reservation, quality releases or scraps (compensating ledger adjustment), audited."
QMS-007,QMS,NCR,P2,DONE,R2,,,Sprint 076/201: NCRs with severity, defect codes and lifecycle to resolution.
QMS-008,QMS,CAPA,P2,DONE,R2,,,Sprint 201: CRITICAL NCR resolution spawns a CAPA task automatically.
QMS-009,QMS,Root cause,P2,DONE,R2,,,Sprint 201: root cause (>=10 chars) mandatory for MAJOR/CRITICAL NCR resolution; stored on the NCR.
QMS-010,QMS,Defect taxonomy,P2,DONE,R2,,,Sprint 201: defect taxonomy from qms.defectCodes config; validated on NCR creation and ranked in analytics.
QMS-011,QMS,Supplier quality,P2,DONE,R2,,,Sprint 149: supplier quality — vendor scorecards from receipts/NCR rates (PROC).
QMS-012,QMS,Certificates,P2,DONE,R2,,,Sprint 129: quality certificates as generated documents from templates (attachments on records).
QMS-013,QMS,Calibration linkage,P2,DONE,R2,,,Sprint 201: calibration report from ver.tools config — due/overdue instruments per tenant.
QMS-014,QMS,Quality audits,P2,DONE,R2,,,Sprint 200: quality audits run as GRC internal-audit register records.
QMS-015,QMS,Quality analytics,P2,DONE,R2,,,Sprint 201: quality analytics — first-pass yield, NCRs by severity, top defect codes.
EAM-001,EAM,Asset registry,P2,DONE,R4+,,,"Sprint 073: numbered asset registry with categories, serials, values; Assets page."
EAM-002,EAM,Asset hierarchy/history,P2,Partially implemented (Sprint 073),R4+,,,Lifecycle transitions audited (history in audit ledger); hierarchy pending.
EAM-003,EAM,Preventive maintenance,P2,DONE,R4+,,,Sprint 202: preventive maintenance from eam.preventive config, idempotent per asset+period, tasks with checklists.
EAM-004,EAM,Corrective maintenance,P2,DONE,R4+,,,Sprint 202: breakdown reporting moves the asset UNDER_MAINTENANCE and opens a corrective task.
EAM-005,EAM,Downtime,P2,DONE,R4+,,,Sprint 202: downtime measured between breakdown and completion audit events per asset.
EAM-006,EAM,Spare parts,P2,DONE,R4+,,,Sprint 202: spare parts issued through the stock ledger (idempotent ISSUE per completion+SKU).
EAM-007,EAM,Maintenance labor,P2,DONE,R4+,,,Sprint 202: labor hours captured on completion; cost = hours x configured labor rate.
EAM-008,EAM,Maintenance checklists,P2,DONE,R4+,,,Sprint 202: checklists carried on preventive tasks from eam.preventive config.
EAM-009,EAM,Meters/counters,P2,DONE,R4+,,,Sprint 202: meters/counters recorded idempotently per reading id, latest per meter reported.
EAM-010,EAM,Calibration,P2,DONE,R4+,,,Sprint 178/201: instrument calibration tracking via ver.tools with due-date reporting.
EAM-011,EAM,Tool checkout,P2,DONE,R4+,,,Sprint 202: tool checkout OUT/IN with sequence guard from the audit trail.
EAM-012,EAM,Asset warranty/contracts,P2,DONE,R4+,,,Sprint 202: warranty coverage from eam.warranties config surfaced in the asset report.
EAM-013,EAM,Asset costs,P2,DONE,R4+,,,Sprint 202: asset cost roll-up from completed maintenance (labor + parts) in the asset report.
EAM-014,EAM,Condition-monitoring hooks,P2,DONE,R4+,,,Sprint 202: meter readings are the condition-monitoring hook; thresholds evaluable by rules.
SVC-001,SVC,Installed base,P2,PLANNED,R4+,,,
SVC-002,SVC,Warranty,P2,PLANNED,R4+,,,
SVC-003,SVC,Service requests,P2,PLANNED,R4+,,,
SVC-004,SVC,Service orders,P2,PLANNED,R4+,,,
SVC-005,SVC,RMA,P2,PLANNED,R4+,,,
SVC-006,SVC,Field scheduling,P2,PLANNED,R4+,,,
SVC-007,SVC,Skills-based assignment,P2,PLANNED,R4+,,,
SVC-008,SVC,Field mobile,P2,PLANNED,R4+,,,
SVC-009,SVC,Measurements/surveys,P2,PLANNED,R4+,,,
SVC-010,SVC,Installation orders,P2,PLANNED,R4+,,,
SVC-011,SVC,Proof of service,P2,PLANNED,R4+,,,
SVC-012,SVC,Service parts,P2,PLANNED,R4+,,,
SVC-013,SVC,Customer approvals,P2,PLANNED,R4+,,,
SVC-014,SVC,SLA,P2,PLANNED,R4+,,,
SVC-015,SVC,Service history,P2,PLANNED,R4+,,,
LOG-001,LOG,Shipment planning,P2,Implemented (Sprint 190),R4+,,,Shipments with sequenced stops
LOG-002,LOG,Carrier management,P2,Implemented (Sprint 190),R4+,,,Carriers as configuration + connector registry
LOG-003,LOG,Courier adapters,P2,Implemented (Sprint 192),R4+,,,Courier connectors as carriers (INT-005)
LOG-004,LOG,Fleet,P2,Implemented (Sprint 190),R4+,,,Vehicle registry + capacity
LOG-005,LOG,Drivers,P2,Implemented (Sprint 190),R4+,,,Driver registry
LOG-006,LOG,Route planning,P2,Implemented (Sprint 190),R4+,,,Sequenced stops with in-order execution
LOG-007,LOG,Load planning,P2,Implemented (Sprint 191),R4+,,,Packed weight vs vehicle capacity
LOG-008,LOG,Dispatch,P2,Implemented (Sprint 190),R4+,,,Guarded dispatch + lifecycle
LOG-009,LOG,Track & trace,P2,Implemented (Sprint 190),R4+,,,Stop-by-stop trace + audit trail
LOG-010,LOG,Proof of delivery,P2,Implemented (Sprint 191),R4+,,,PIN-hashed POD once per shipment
LOG-011,LOG,Delivery exceptions,P2,Implemented (Sprint 191),R4+,,,Reasoned exceptions + failed-stop desk
LOG-012,LOG,Reverse logistics,P2,Implemented (Sprint 192),R4+,,,Exactly-once reversed return shipments
LOG-013,LOG,Freight cost,P2,Implemented (Sprint 191),R4+,,,Per-shipment cost + per-carrier report
LOG-014,LOG,Dock scheduling,P2,Implemented (Sprint 192),R4+,,,Overlap-protected dock appointments
LOG-015,LOG,Yard events,P2,Implemented (Sprint 192),R4+,,,Audited arrivals/departures
PRJ-001,PRJ,Projects,P2,DONE,R4+,,,Sprint 204: projects as governed custom-object register (code, status, budget, currency).
PRJ-002,PRJ,Sites,P2,DONE,R4+,,,Sprint 204: sites register linked to projects by code.
PRJ-003,PRJ,Milestones,P2,DONE,R4+,,,Sprint 204: milestone register with due dates; idempotent completion on the audit trail.
PRJ-004,PRJ,Budgets,P2,DONE,R4+,,,Sprint 204: budgets on the project record; effective budget = budget + change orders.
PRJ-005,PRJ,Job costing,P2,DONE,R4+,,,Sprint 204: job-cost ledger on audit events — labor/material/subcontract/other, idempotent per entry.
PRJ-006,PRJ,Project procurement,P2,DONE,R4+,,,Sprint 204: purchase orders linked read-only; PO totals join the job cost.
PRJ-007,PRJ,Project inventory,P2,DONE,R4+,,,Sprint 204: material issues to projects through the stock ledger (idempotent ISSUE), costed.
PRJ-008,PRJ,Subcontractors,P2,DONE,R4+,,,Sprint 204: subcontractor costs as first-class job-cost entries per supplier engagement.
PRJ-009,PRJ,Timesheets,P2,DONE,R4+,,,Sprint 204: timesheets — one line per employee/project/day, costed at prj.laborRate.
PRJ-010,PRJ,Project documents,P2,DONE,R4+,,,Sprint 204: project documents are attachments on the project record.
PRJ-011,PRJ,Change orders,P2,DONE,R4+,,,Sprint 204: change orders with mandatory reason adjust the effective budget, idempotent per key.
PRJ-012,PRJ,Project profitability,P2,DONE,R4+,,,Sprint 204: profitability — latest revenue vs total job cost with margin percent.
HCM-001,HCM,Employee master,P2,DONE,R4+,,,"Sprint 072: numbered employee master with lifecycle, audited; People page."
HCM-002,HCM,Shift planning,P2,DONE,R4+,,,Sprint 203: leave requests through the approvals domain, duplicate-safe per employee+range.
HCM-003,HCM,Attendance,P2,DONE,R4+,,,Sprint 203: time & attendance — idempotent, sequence-guarded clock events with paired-hours report.
HCM-004,HCM,Leave,P2,DONE,R4+,,,Sprint 203: shift planning from hcm.shifts config with per-date roster (latest assignment wins).
HCM-005,HCM,Skills matrix,P2,DONE,R4+,,,"Sprint 072: validated, deduplicated skills list per employee, audited."
HCM-006,HCM,Certifications,P2,DONE,R4+,,,Sprint 203: certifications with expiry flags, latest-set-wins audit history.
HCM-007,HCM,Training/LMS,P2,DONE,R4+,,,Sprint 203: trainings tracked as certifications with validity dates (renewal visible via expiry).
HCM-008,HCM,Production labor capture,P2,DONE,R4+,,,Sprint 121: production labor capture via work-order operation assignment and completion.
HCM-009,HCM,Performance metrics,P2,DONE,R4+,,,Sprint 203: performance snapshot — completed operations + attendance hours per employee.
HCM-010,HCM,Onboarding/offboarding,P2,DONE,R4+,,,Sprint 172: onboarding/offboarding checklists spawn task sets from config.
HCM-011,HCM,Safety/EHS hooks,P2,DONE,R4+,,,Sprint 200: safety/EHS via GRC registers (incidents, near-miss, PPE, safety checklists).
HCM-012,HCM,Payroll integration,P2,DONE,R4+,,,Sprint 203: payroll export pushed through a connector exactly once per period.
DOC-001,DOC,Document templates,P1,Partially implemented (Sprint 002),R0/R1,,,Template storage (rendering later)
DOC-002,DOC,PDF generation,P1,DONE,R0/R1,,,"Server-side PDF: quote, invoice, delivery note (Sprint 023)"
DOC-003,DOC,Template versioning,P1,Partially implemented (Sprint 002),R0/R1,,,Immutable template versions
DOC-004,DOC,Document numbering,P1,DONE,R0/R1,,,Documents carry governed record numbers (Sprint 023)
DOC-005,DOC,Document lifecycle,P1,Implemented (Sprint 107),R0/R1,,,
DOC-006,DOC,Electronic-signature adapter,P1,Implemented (Sprint 150),R0/R1,,,SignaturePort + dev adapter + contract flow
DOC-007,DOC,Contract repository,P1,DONE,R0/R1,,,"Sprint 067: numbered contract repository against MDM parties, enforced lifecycle, audited."
DOC-008,DOC,Contract approvals,P1,Implemented (Sprint 127),R0/R1,,,
DOC-009,DOC,Obligations/renewals,P1,DONE,R0/R1,,,Sprint 067: renewal report derives live from end dates and notice windows.
DOC-010,DOC,OCR capture hooks,P1,Implemented (Sprint 151),R0/R1,,,OcrPort + dev adapter + attachment capture
DOC-011,DOC,Retention,P1,Implemented (Sprint 135),R0/R1,,,
DOC-012,DOC,Document access policy,P1,Implemented (Sprint 136),R0/R1,,,
FIN-001,FIN,Financial dimensions,P1,Implemented (Sprint 158),R3,,,Configured chart + validated attributions + reporting
FIN-002,FIN,Revenue/cost capture,P1,Implemented (Sprint 137),R3,,,
FIN-003,FIN,COGS,P1,DONE,R3,,,
FIN-004,FIN,Inventory valuation hooks,P1,DONE,R3,,,Sprint 070: live ledger-based inventory valuation with honest unvalued reporting.
FIN-005,FIN,Product costing,P1,DONE,R3,,,Sprint 070: audited standard costs on SKUs feeding valuation.
FIN-006,FIN,Standard vs actual,P1,Implemented (Sprint 132),R3,,,
FIN-007,FIN,Margin analysis,P1,DONE,R3,,,
FIN-008,FIN,Budgets,P1,DONE,R3,,,Budgets per cost center/period vs actual spend (Sprint 019)
FIN-009,FIN,Forecast,P1,Implemented (Sprint 133),R3,,,
FIN-010,FIN,Cash flow,P1,DONE,R3,,,Monthly cash in/out/net read model (Sprint 019)
FIN-011,FIN,AR,P1,DONE,R3,,, + aging buckets (Sprint 019)
FIN-012,FIN,AP,P1,DONE,R3,,, + aging buckets (Sprint 019)
FIN-013,FIN,Bank feed hooks,P1,Implemented (Sprint 152),R3,,,BankFeedPort + exactly-once import + auto-matching
FIN-014,FIN,Payment matching,P1,DONE,R3,,,
FIN-015,FIN,Treasury snapshot,P1,Implemented (Sprint 131),R3,,,
FIN-016,FIN,Cost centers,P1,DONE,R3,,,Cost centers with invoice attribution (Sprint 019)
FIN-017,FIN,Profit centers,P1,Implemented (Sprint 131),R3,,,
FIN-018,FIN,Project profitability,P1,Implemented (Sprint 174),R3,,,Revenue/cost/margin per project
FIN-019,FIN,Operational P&L,P1,DONE,R3,,,
FIN-020,FIN,Accounting integration,P1,Implemented (Sprint 153),R3,,,Via accounting connector export (INT-002)
FIN-021,FIN,Tax/fiscal/eInvoice adapters,P1,Implemented (Sprint 162),R3,,,Via fiscal connector (INT-006)
FIN-022,FIN,Invoice matching,P1,Implemented (Sprint 173),R3,,,AP worklist + configured tolerance
BI-001,BI,Executive dashboards,P1,DONE,R3,,,
BI-002,BI,Operational dashboards,P1,DONE,R3,,,
BI-003,BI,KPI catalog,P1,DONE,R3,,,
BI-004,BI,Semantic layer,P1,Implemented (Sprint 184),R3,,,Governed dimensions/measures per dataset
BI-005,BI,Report builder,P1,Implemented (Sprint 184),R3,,,Grouped reports over the semantic model
BI-006,BI,Scheduled reports,P1,Implemented (Sprint 178),R3,,,Config-driven daily runs + in-app delivery
BI-007,BI,Drill-through,P1,Implemented (Sprint 184),R3,,,Records behind one grouped row
BI-008,BI,Profitability analytics,P1,Implemented (Sprint 177),R3,,,Revenue/cost/margin per channel
BI-009,BI,Inventory analytics,P1,DONE,R3,,,
BI-010,BI,Manufacturing analytics,P1,DONE,R3,,,
BI-011,BI,Customer analytics,P1,DONE,R3,,,
BI-012,BI,Supplier analytics,P1,Implemented (Sprint 176),R3,,,Sourcing scorecard per supplier
BI-013,BI,Process analytics,P1,Implemented (Sprint 176),R3,,,Cycle times across core flows
BI-014,BI,Control Center,P1,DONE,R3,,,"Sprint 071: Control Center pulse — live aggregate of orders, backorders, approvals, cases, change requests, break-glass, NCRs, overdue invoices."
BI-015,BI,Governed data export,P1,Implemented (Sprint 175),R3,,,Permissioned audited CSV exports
AI-001,AI,Executive copilot,P3,Implemented (Sprint 196),R4+,,,Role copilot over executive summary context
AI-002,AI,Role copilots,P3,Implemented (Sprint 196),R4+,,,Context bundles per role via AiPort
AI-003,AI,Document extraction,P3,Implemented (Sprint 151),R4+,,,Via OcrPort field extraction (DOC-010)
AI-004,AI,Demand forecasting,P3,Implemented (Sprint 194),R4+,,,28-day moving average from the ledger
AI-005,AI,Stockout prediction,P3,Implemented (Sprint 194),R4+,,,Days-of-cover risk ranking
AI-006,AI,Production-delay prediction,P3,Implemented (Sprint 195),R4+,,,Elapsed vs routed estimate
AI-007,AI,Cash forecasting,P3,Implemented (Sprint 195),R4+,,,Due-date bucketed net projection
AI-008,AI,Anomaly detection,P3,Implemented (Sprint 194),R4+,,,Audit volume vs weekly baseline
AI-009,AI,Process mining,P3,Implemented (Sprint 195),R4+,,,Observed order-event path ranking
AI-010,AI,Bottleneck detection,P3,Implemented (Sprint 194),R4+,,,Open-operation queues per center
AI-011,AI,Recommendations,P3,Implemented (Sprint 195),R4+,,,30-day replenishment suggestions
AI-012,AI,Controlled agents,P3,Implemented (Sprint 196),R4+,,,Safe-list execution + approval escalation
AI-013,AI,Knowledge assistant,P3,Implemented (Sprint 196),R4+,,,Knowledge role over tenant context
AI-014,AI,AI explanation/audit,P3,Implemented (Sprint 194),R4+,,,Method attached + every run audited
INT-001,INT,Connector framework,P0,Implemented (Sprint 100),R0,,,
INT-002,INT,Accounting connectors,P0,Implemented (Sprint 153),R0,,,Exactly-once invoice export via adapter port
INT-003,INT,Commerce connectors,P0,Implemented (Sprint 160),R0,,,Catalog export + availability sync + marketplace import
INT-004,INT,Bank/payment connectors,P0,Implemented (Sprint 154),R0,,,Payment intents + exactly-once confirmations
INT-005,INT,Courier connectors,P0,Implemented (Sprint 161),R0,,,Exactly-once shipment booking + SSCC payload
INT-006,INT,Fiscal/eInvoice connectors,P0,Implemented (Sprint 162),R0,,,Exactly-once fiscalization via adapter port
INT-007,INT,EDI,P0,Implemented (Sprint 163),R0,,,EDIFACT ORDERS out + exactly-once interchanges
INT-008,INT,Webhooks,P0,DONE,R0,,,Outbound webhooks with HMAC signing (Sprint 020)
INT-009,INT,Public API,P0,Implemented (Sprint 119),R0,,,
INT-010,INT,Mapping engine,P0,Implemented (Sprint 115),R0,,,
INT-011,INT,Idempotency,P0,DONE,R0,,,"Exactly-once fan-out per (subscription, event) (Sprint 020)"
INT-012,INT,Retry policy,P0,DONE,R0,,,Exponential backoff retries (Sprint 020)
INT-013,INT,Dead-letter queue,P0,DONE,R0,,,Dead-letter after 5 attempts (Sprint 020)
INT-014,INT,Reconciliation,P0,Implemented (Sprint 118),R0,,,
INT-015,INT,Health monitoring,P0,DONE,R0,,,Per-subscription delivery health (Sprint 020)
INT-016,INT,Run history,P0,DONE,R0,,,Full delivery run history (Sprint 020)
INT-017,INT,Secrets management,P0,Implemented (Sprint 164),R0,,,secretRef indirection + raw-secret refusal
INT-018,INT,Rate-limit handling,P0,Implemented (Sprint 165),R0,,,Backoff retries on rate-limited pushes
INT-019,INT,Versioned mappings,P0,Implemented (Sprint 165),R0,,,Mapping rules tied to config versions
DEV-001,DEV,Device registry,P1,Implemented (Sprint 005),R1,,,Device registry with tenant-scoped codes
DEV-002,DEV,Enrollment,P1,Implemented (Sprint 005),R1,,,One-time token enrollment; device-side claim
DEV-003,DEV,Assignment,P1,Implemented (Sprint 005),R1,,,User/branch assignment
DEV-004,DEV,Health/last seen,P1,Implemented (Sprint 005),R1,,,Heartbeat + last-seen
DEV-005,DEV,Scanner adapter,P1,Implemented (Sprint 171),R1,,,Governed capability config + scan pipeline
DEV-006,DEV,Printer adapter,P1,Implemented (Sprint 169),R1,,,ZPL SSCC labels + per-device queue + ack
DEV-007,DEV,RFID adapter,P1,Implemented (Sprint 183),R1,,,RFID ingest resolution via tag registry
DEV-008,DEV,Scale adapter,P1,Implemented (Sprint 170),R1,,,Device-auth weight capture onto packages
DEV-009,DEV,Signature/camera adapter,P1,Implemented (Sprint 183),R1,,,Device-auth evidence upload + VER-016 signatures
DEV-010,DEV,Kiosk/tablet mode,P1,Implemented (earlier sprint),R1,,,Production kiosk page (scan-first operator view)
DEV-011,DEV,Mobile version management,P1,Implemented (Sprint 182),R1,,,App versions vs configured minimum (fleet view)
DEV-012,DEV,Offline synchronization,P1,Implemented (Sprints 166/167),R1,,,Offline envelopes + exactly-once drains (VER-017/018)
DEV-013,DEV,Machine gateway,P1,Implemented (Sprint 172),R1,,,Device-auth gateway into shop-floor events
DEV-014,DEV,Machine events,P1,Implemented (Sprint 172),R1,,,Idempotent machine event ingestion
DEV-015,DEV,Device event audit,P1,Implemented (Sprint 171),R1,,,Chronological per-device event trail
WF-001,WF,Workflow designer,P0,Implemented (Sprint 185),R0,,,Designer UI + definitions list + immutable publish
WF-002,WF,Approval builder,P0,Partially implemented (Sprint 002),R0,,,Approval primitive with SoD (builder UI later)
WF-003,WF,Rules designer,P0,Partially implemented (Sprint 002),R0,,,Declarative rule spec + publish (designer later)
WF-004,WF,Timers/SLA,P0,DONE,R0,,,Sprint 069: overdue-approvals SLA report with configurable hours; surfaced on Operations.
WF-005,WF,Automation actions,P0,Partially implemented (Sprint 002),R0,,,"Automation actions: task/notify/approval, idempotent"
WF-006,WF,Conditional forms,P0,Implemented (Sprint 179),R0,,,Config-driven forms with showIf conditions
WF-007,WF,Validation rules,P0,Implemented (Sprint 179),R0,,,Server-side field validation per configured rule
WF-008,WF,Workflow versioning,P0,Implemented (Sprint 002),R0,,,Versioned workflow definitions; instances pinned to version
WF-009,WF,Simulation/test mode,P0,Implemented (Sprint 180),R0,,,Zero-side-effect rule dry runs
WF-010,WF,Audit/explanation,P0,Partially implemented (Sprint 002),R0,,,Workflow/rule/approval audit trail
WF-011,WF,Reusable templates,P0,Implemented (Sprint 180),R0,,,Publish workflows from template library
WF-012,WF,Override governance,P0,Implemented (Sprint 181),R0,,,Reasoned audited overrides under dedicated permission
OPS-001,OPS,Platform admin,P0,Implemented (Sprint 187),R0,,,Tenant list/suspend/resume + platform surfaces
OPS-002,OPS,Tenant provisioning,P0,DONE,R0,,,Self-hosted Docker stack: one-command provisioning (Sprint 026)
OPS-003,OPS,Environment management,P0,DONE,R0,,,Compose environments with env-file config (Sprint 026)
OPS-004,OPS,Release management,P0,Implemented (Sprint 187),R0,,,Release info endpoint + CI/migration pipeline
OPS-005,OPS,Tenant rollout,P0,Implemented (Sprint 187),R0,,,Per-tenant module flips gate live routes
OPS-006,OPS,Database migrations,P0,DONE,R0,,,Auto-applied tracked SQL migrations on deploy (Sprint 026)
OPS-007,OPS,Observability,P0,DONE,R0,,,"Sprint 075: platform observability snapshot — outbox backlog/failures, oldest-pending age, tenant & audit volume."
OPS-008,OPS,Error tracking,P0,Implemented (Sprint 186),R0,,,Unhandled errors into security log + ops view
OPS-009,OPS,Integration monitoring,P0,Implemented (Sprint 186),R0,,,Webhook delivery health per tenant
OPS-010,OPS,Device monitoring,P0,Implemented (Sprint 186),R0,,,Fleet health + stale device flags
OPS-011,OPS,Backups,P0,DONE,R0,,,Documented volume/pg_dump backup procedure (Sprint 026)
OPS-012,OPS,PITR,P0,Implemented (Sprint 123),R0,,,"WAL archiving + nightly base backups + restore runbook"
OPS-013,OPS,Disaster recovery,P0,Implemented (Sprint 188),R0,,,DR drill script + runbook + off-host guidance
OPS-014,OPS,Usage analytics,P0,DONE,R0,,,"Per-tenant usage analytics, operator-only (Sprint 021)"
OPS-015,OPS,Support portal,P0,Implemented (Sprint 188),R0,,,Cross-tenant open-case view for platform ops
OPS-016,OPS,Status-page hooks,P0,Implemented (Sprint 188),R0,,,Public component-status endpoint
OPS-017,OPS,Tenant data export/offboarding,P0,DONE,R0,,,Audited tenant JSON export (Sprint 021)
OPS-018,OPS,Cost observability,P0,Implemented (Sprint 188),R0,,,Estimated per-tenant spend from usage
GRC-001,GRC,Policies,P3,Implemented (Sprint 199),R4+,,,Policy register (custom objects)
GRC-002,GRC,Risk register,P3,Implemented (Sprint 199),R4+,,,Validated risk register + severity flags
GRC-003,GRC,Controls,P3,Implemented (Sprint 199),R4+,,,Control catalogue register
GRC-004,GRC,Internal audits,P3,Implemented (Sprint 199),R4+,,,Audit register with owners/due dates
GRC-005,GRC,Compliance tasks,P3,Implemented (Sprint 199),R4+,,,Via the task engine + registers
GRC-006,GRC,Incident management,P3,Implemented (Sprint 199),R4+,,,Incident log + critical flags
GRC-007,GRC,Near-miss,P3,Implemented (Sprint 199),R4+,,,Near-miss log
GRC-008,GRC,PPE requirements,P3,Implemented (Sprint 199),R4+,,,PPE register per workplace
GRC-009,GRC,Safety checklists,P3,Implemented (Sprint 199),R4+,,,Checklist register
GRC-010,GRC,Data governance,P3,Implemented (Sprint 200),R4+,,,Classification gap report
GRC-011,GRC,Legal hold hooks,P3,Implemented (Sprint 200),R4+,,,Holds exempt purges (audited)
GRC-012,GRC,Privacy-request workflows,P3,DONE,R4+,,,"Sprint 078: GDPR data-subject export + irreversible PERSON anonymization (orgs refused), audited; Parties page GDPR action."
EXT-001,EXT,Extension SDK,P2,Implemented (Sprint 197),R4+,,,Manifest schema + validate loop
EXT-002,EXT,Module manifest,P2,Implemented (Sprint 197),R4+,,,Validated manifests in versioned config
EXT-003,EXT,Custom UI slots,P2,Implemented (Sprint 197),R4+,,,Slot registry served to the shell
EXT-004,EXT,Custom actions,P2,Implemented (Sprint 197),R4+,,,Connector-routed audited actions
EXT-005,EXT,Event subscribers,P2,Implemented (Sprint 197),R4+,,,Manifest subscriptions + webhook stack
EXT-006,EXT,Industry packs,P2,Implemented (Sprint 198),R4+,,,Atomic config bundles (key-merged)
EXT-007,EXT,Template marketplace,P2,Implemented (Sprint 198),R4+,,,Curated workflow templates from packs
EXT-008,EXT,Connector marketplace,P2,Implemented (Sprint 198),R4+,,,Curated connector recipes from packs
EXT-009,EXT,Compatibility policy,P2,Implemented (Sprint 197),R4+,,,Extension API version check
EXT-010,EXT,Extension isolation/security,P2,Implemented (Sprint 197),R4+,,,Permission containment + data-only extensions
CSM-001,CSM,Customer support cases,P2,DONE,R4+,,,"Sprint 064: numbered support cases with enforced lifecycle, priorities, account/order links, audited."
CSM-002,CSM,Omnichannel case intake,P2,DONE,R4+,,,Sprint 205: omnichannel intake — channel validated against csm.channels, recorded on the audit trail, reported.
CSM-003,CSM,Case routing/assignment,P2,DONE,R4+,,,"Sprint 064: case assignment to active tenant users, audited."
CSM-004,CSM,Customer complaint handling,P2,DONE,R4+,,,Sprint 205: complaint flagging with mandatory reason, priority lift and complaint report.
CSM-005,CSM,SLA policies,P2,DONE,R4+,,,Sprint 083: priority-weighted case SLA overdue detection (URGENT 4h/HIGH 8h/NORMAL 24h/LOW 72h).
CSM-006,CSM,Escalations,P2,DONE,R4+,,,Sprint 205: once-only escalation — URGENT priority plus an audited follow-up task.
CSM-007,CSM,Case collaboration,P2,DONE,R4+,,,Sprint 205: threaded case comments on the audit trail (author + timestamp).
CSM-008,CSM,Canned responses/templates,P2,DONE,R4+,,,Sprint 205: canned responses from csm.cannedResponses config, rendered per case with placeholders.
CSM-009,CSM,Knowledge base,P2,DONE,R4+,,,Sprint 205: knowledge base as governed custom-object register with text search.
CSM-010,CSM,Customer support portal,P2,DONE,R4+,,,Sprint 205: portal is a first-class intake channel; B2B portal handles customer self-service.
CSM-011,CSM,Case-to-order linkage,P2,Partially implemented (Sprint 064),R4+,,,Cases link to sales orders at creation; deeper order-context views pending.
CSM-012,CSM,Case-to-service linkage,P2,DONE,R4+,,,Sprint 205: generic case linkage — service_request references on the audit trail.
CSM-013,CSM,Case-to-RMA linkage,P2,DONE,R4+,,,Sprint 205: case-to-RMA linkage via audited references, duplicate-safe.
CSM-014,CSM,Support analytics,P2,DONE,R4+,,,Sprint 083: case analytics — status counts + average resolution time; CRM page badges.
CSM-015,CSM,Customer satisfaction feedback,P2,DONE,R4+,,,Sprint 205: CSAT ratings (1-5) once per resolved case, with average and distribution report.
MKT-001,MKT,Campaigns,P3,DONE,R4+,,,Sprint 206: campaigns as governed custom-object register (channel, status, budget).
MKT-002,MKT,Audience segmentation,P3,DONE,R4+,,,Sprint 206: audience segments as config rules (all / with-orders / without-orders) over CRM accounts.
MKT-003,MKT,Marketing lists,P3,DONE,R4+,,,Sprint 206: marketing lists materialize segments into audited audience snapshots.
MKT-004,MKT,Campaign journeys,P3,DONE,R4+,,,Sprint 206: campaign journeys as ordered config steps with day offsets, sent step by step.
MKT-005,MKT,Email/SMS/push campaign adapters,P3,DONE,R4+,,,Sprint 206: email/SMS/push sends through provider-neutral connectors, exactly-once per step+segment.
MKT-006,MKT,Lead capture forms,P3,DONE,R4+,,,Sprint 206: lead-capture forms from config, validated, creating CRM leads once per submission.
MKT-007,MKT,Promotion linkage,P3,DONE,R4+,,,Sprint 206: campaigns link to price lists for promotion pricing, duplicate-safe.
MKT-008,MKT,Coupon/audience targeting,P3,DONE,R4+,,,Sprint 206: coupons in config tied to campaigns; valid only while the campaign is active.
MKT-009,MKT,Consent-aware communication,P3,DONE,R4+,,,Sprint 206: opt-in consent registry per account+channel on the audit trail; sends filter on it.
MKT-010,MKT,Campaign attribution,P3,DONE,R4+,,,Sprint 206: order-to-campaign attribution, one campaign per order, audited.
MKT-011,MKT,Marketing analytics,P3,DONE,R4+,,,Sprint 206: campaign analytics — sends, recipients, attributed orders and revenue.
MKT-012,MKT,Experiment/A-B hooks,P3,DONE,R4+,,,Sprint 206: deterministic A/B variant assignment (hash of tenant+campaign+subject).
ESG-001,ESG,Energy consumption tracking,P3,DONE,R4+,,,Sprint 207: energy readings per facility/period/source, idempotent on the audit ledger.
ESG-002,ESG,Waste tracking,P3,DONE,R4+,,,Sprint 207: waste entries per facility/period/kind with disposal route, idempotent.
ESG-003,ESG,Material sustainability attributes,P3,DONE,R4+,,,Sprint 207: material sustainability attributes (recycled %, hazardous) from config joined to SKUs.
ESG-004,ESG,Environmental KPI definitions,P3,DONE,R4+,,,Sprint 207: environmental KPI definitions in config (key, unit, target).
ESG-005,ESG,Carbon/emissions data hooks,P3,DONE,R4+,,,Sprint 207: CO2 emissions computed from energy readings x configured factors per source.
ESG-006,ESG,Supplier sustainability attributes,P3,DONE,R4+,,,Sprint 207: supplier sustainability ratings (1-5 + certification), latest wins, audited.
ESG-007,ESG,Compliance evidence,P3,DONE,R4+,,,Sprint 207: compliance evidence as governed custom-object register with expiry flags.
ESG-008,ESG,Sustainability targets,P3,DONE,R4+,,,Sprint 207: sustainability targets — caps and floors evaluated against measured actuals.
ESG-009,ESG,ESG reporting hooks,P3,DONE,R4+,,,Sprint 207: ESG report export through connectors, exactly once per period.
ESG-010,ESG,Operational sustainability analytics,P3,DONE,R4+,,,Sprint 207: operational analytics — energy, waste, recycling rate and CO2 per period.
